Dénomination sociale;Rue 1;Rue 2;Rue 3;Ville;Code postal;Code département;Catégorie;Dep;Tél;latitude;longitude;lat-lon
CONSERVATOIRE DE PARIS 17 - LA JONQUIÈRE;88 rue de la Jonquière;;;PARIS;75017;75;CRC/CRI - Conservatoire à rayonnement communal;75;;48.89475;2.319068;48.89475, 2.319068
CONSERVATOIRE DE MARNE ET GONDOIRE - CONCHES / CHANTELOUP;La Grange;4 rue du Fort du Bois;;CONCHES SUR GONDOIRE;77060;77;CRC/CRI - Conservatoire à rayonnement communal;77;01 60 07 69 58;48.855336;2.714986;48.855336, 2.714986
CONSERVATOIRE DE MEAUX;49 cours Pinteville;;;MEAUX;77100;77;CRC/CRI - Conservatoire à rayonnement communal;77;01 64 34 68 03;48.962516;2.875621;48.962516, 2.875621
CONSERVATOIRE DE MONTEREAU-FAULT-YONNE - GASTON LITAIZE;4 rue Pierre Corneille;;;MONTEREAU-FAULT-YONNE;77130;77;CRC/CRI - Conservatoire à rayonnement communal;77;01 60 74 74 30;48.379655;2.953104;48.379655, 2.953104
ECOLE DE MUSIQUE DE NANDY;Rue des 18 sous;;;NANDY;77176;77;Ecole de musique et de danse municipale ou intercommunale;77;;48.588444;2.567928;48.588444, 2.567928
ECOLE MUNICIPALE DE MUSIQUE ET DE DANSE DU VERT-SAINT-DENIS;60 rue Pasteur;;;VERT-SAINT-DENIS;77240;77;Ecole de musique et de danse municipale ou intercommunale;77;;48.565543;2.615685;48.565543, 2.615685
"CONSERVATOIRE ""MUSIQUES EN SEINE"" DE MORET-SUR-LOING";CAC;2, rue du Clos Blanchet;;MORET-SUR-LOING;77250;77;Ecole de musique et de danse municipale ou intercommunale;77;01 64 70 62 52;48.372144;2.814421;48.372144, 2.814421
CONSERVATOIRE DE PONTAULT-COMBAULT;79-81 avenue de la République;;;PONTAULT-COMBAULT;77340;77;CRC/CRI - Conservatoire à rayonnement communal;77;01 70 05 46 05;48.802843;2.610629;48.802843, 2.610629
CONSERVATOIRE DE MAISONS-LAFFITTE;38 avenue Saint-Germain;;;MAISONS-LAFFITE;78600;78;Ecole de musique et de danse municipale ou intercommunale;78;;48.942775;2.141294;48.942775, 2.141294
CONSERVATOIRE DE VERSAILLES;24 rue de la Chancellerie;;;VERSAILLES;78000;78;CRR - Conservatoire à rayonnement régional;78;01 39 66 30 10;48.801388;2.125228;48.801388, 2.125228
CONSERVATOIRE DE RAMBOUILLET;42 rue de la  Motte;;;RAMBOUILLET;78120;78;CRC/CRI - Conservatoire à rayonnement communal;78;01 30 41 73 83;48.650406;1.817912;48.650406, 1.817912
CONSERVATOIRE DE MANTES-EN-YVELINES;12 Boulevard Calmette;;;MANTES-LA-JOLIE;78200;78;CRD - Conservatoire à rayonnement départemental;78;01 34 77 88 88;48.984816;1.712928;48.984816, 1.712928
ECOLE MUNICIPALE DE MUSIQUE DE GUYANCOURT  - LA BATTERIE;7 rue de la Redoute;;;GUYANCOURT;78280;78;Ecole de musique et de danse municipale ou intercommunale;78;;48.782761;2.059909;48.782761, 2.059909
CONSERVATOIRE DE MUSIQUE, DANSE ET ART DRAMATIQUE DE POISSY;21 bis rue du 8 Mai 1945 - BP 2235;;;POISSY;78302;78;CRC/CRI - Conservatoire à rayonnement communal;78;01 39 65 14 88;48.927226;2.043351;48.927226, 2.043351
CONSERVATOIRE - MAISON DES ARTS D'HERUBE D'AUBERGENVILLE;18 avenue Charles De Gaulle;;;AUBERGENVILLE;78410;78;CRC/CRI - Conservatoire à rayonnement communal;78;01 39 95 14 35;48.970725;1.848063;48.970725, 1.848063
CONSERVATOIRE DE CARRIÈRES-SUR-SEINE - JEAN-PHILIPPE RAMEAU;66 boulevard Maurice Berteaux;;;CARRIERES-SUR-SEINE;78420;78;CRC/CRI - Conservatoire à rayonnement communal;78;01 39 57 57 90;48.912995;2.1841;48.912995, 2.1841
CONSERVATOIRE DE LIMAY;18 Rue de l'Eglise;;;LIMAY;78520;78;CRC/CRI - Conservatoire à rayonnement communal;78;01 34 77 33 67;48.994305;1.731311;48.994305, 1.731311
CONSERVATOIRE DE HOUILLES;16 rue Gambetta;;;HOUILLES;78800;78;CRC/CRI - Conservatoire à rayonnement communal;78;01 30 86 23 10;48.923192;2.186927;48.923192, 2.186927
CONSERVATOIRE DE CORBEIL-ESSONNES - CLAUDE DEBUSSY;Place d'Essonnes;;;CORBEIL-ESSONNES;91100;91;CRC/CRI - Conservatoire à rayonnement communal;91;01 64 96 78 49;48.603687;2.464897;48.603687, 2.464897
CONSERVATOIRE DE VILLEBON-SUR-YVETTE - ÉRIK SATIE;105 rue des Maraîchers;;;VILLEBON-SUR-YVETTE;91140;91;CRC/CRI - Conservatoire à rayonnement communal;91;01 60 14 72 00;48.699651;2.24279;48.699651, 2.24279
CONSERVATOIRE D'ETAMPES;19 bis rue Louis-Moreau;;;ETAMPES;91150;91;CRC/CRI - Conservatoire à rayonnement communal;91;01 64 94 85 23;48.436123;2.160711;48.436123, 2.160711
ECOLE DE MUSIQUE DE CHAMPLAN;24 rue de Saulx;;;CHAMPLAN;91160;91;Ecole de musique et de danse municipale ou intercommunale;91;01 69 34 57 31;48.704353;2.271174;48.704353, 2.271174
ÉCOLE MUNICIPALE DE MUSIQUE ET DE DANSE DU PLESSIS-PÂTÉ;Place du 8 mai 1945;;;LE PLESSIS-PÂTÉ;91220;91;Ecole de musique et de danse municipale ou intercommunale;91;;48.612327;2.325123;48.612327, 2.325123
CONSERVATOIRE DE MONTGERON - PABLO CASALS;23 rue de Chalandray;;;MONTGERON;91230;91;CRC/CRI - Conservatoire à rayonnement communal;91;01 69 03 64 82;48.703937;2.464259;48.703937, 2.464259
CONSERVATOIRE DE MASSY;Groupe scolaire Jean-Moulin;8 rue des Etats-Unis;;MASSY;91300;91;CRC/CRI - Conservatoire à rayonnement communal;91;01 69 20 84 47;48.729422;2.283417;48.729422, 2.283417
ÉCOLE DE DANSE DE MORANGIS;Espace Saint Michel;Avenue du Général Leclerc;;MORANGIS;91420;91;Ecole de musique et de danse municipale ou intercommunale;91;;48.706994;2.33057;48.706994, 2.33057
CONSERVATOIRE DE BURES SUR YVETTE;Centre culturel Marcel Pagnol;1 rue Descartes;;BURES-SUR-YVETTE;91440;91;CRC/CRI - Conservatoire à rayonnement communal;91;01 69 18 79 57;48.697624;2.163975;48.697624, 2.163975
ÉCOLE DES ARTS DE MARCOUSSIS;Parc des Célestins;;;MARCOUSSIS;91460;91;Ecole de musique et de danse municipale ou intercommunale;91;01 69 01 60 15;48.641292;2.220868;48.641292, 2.220868
CONSERVATOIRE DE SAINT-CHÉRON;Mairie Parc des Tourelles;;;SAINT-CHERON;91530;91;Ecole de musique et de danse municipale ou intercommunale;91;01 64 56 36 37;48.554421;2.124402;48.554421, 2.124402
CONSERVATOIRE DE MENNECY;7 avenue de Villeroy;;;MENNECY;91540;91;CRC/CRI - Conservatoire à rayonnement communal;91;01 69 90 07 52;48.566348;2.426685;48.566348, 2.426685
CONSERVATOIRE INTERCOMMUNAL DU VAL D'ESSONNE;31 rue du Martroy;;;BALLANCOURT-SUR-ESSONNE;91610;91;CRC/CRI - Conservatoire à rayonnement communal;91;;48.52472;2.381377;48.52472, 2.381377
CONSERVATOIRE DÉPINAY-SOUS-SÉNART;12 rue Sainte Genéviève;;;ÉPINAY-SOUS-SÉNART;91860;91;CRC/CRI - Conservatoire à rayonnement communal;91;;48.694714;2.514053;48.694714, 2.514053
CONSERVATOIRE DE CLICHY-LA-GARENNE - LÉO DELIBES;59 rue Martre;;;CLICHY-LA-GARENNE;92110;92;CRC/CRI - Conservatoire à rayonnement communal;92;01 47 15 97 80;48.902893;2.30636;48.902893, 2.30636
CONSERVATOIRE D'ISSY-LES-MOULINEAUX - NIEDERMEYER;11, rue Danton - mail Raymond Menand;;;ISSY-LES-MOULINEAUX;92130;92;CRD - Conservatoire à rayonnement départemental;92;01 41 09 99 30;48.825247;2.271161;48.825247, 2.271161
CONSERVATOIRE DE LEVALLOIS-PERRET - MAURICE RAVEL;33 rue Gabriel Péri;;;LEVALLOIS-PERRET;92300;92;CRC/CRI - Conservatoire à rayonnement communal;92;01 47 15 76 76;48.891917;2.287797;48.891917, 2.287797
CONSERVATOIRE DE BOURG-LA-REINE/SCEAUX;11-13 boulevard Carnot;;;BOURG-LA-REINE;92340;92;CRD - Conservatoire à rayonnement départemental;92;01 41 87 22 32;48.778827;2.317876;48.778827, 2.317876
CONSERVATOIRE DE CHAVILLE;3 parvis Robert Schumann;;;CHAVILLE;92370;92;CRC/CRI - Conservatoire à rayonnement communal;92;;48.813097;2.192633;48.813097, 2.192633
CONSERVATOIRE DE GARCHES;60 bis rue du 19 janvier;;;GARCHES;92380;92;CRC/CRI - Conservatoire à rayonnement communal;92;01 47 95 67 90;48.850175;2.184793;48.850175, 2.184793
CONSERVATOIRE DE COLOMBES;25 rue de la Reine Henriette;;;COLOMBES;92700;92;CRC/CRI - Conservatoire à rayonnement communal;92;01 47 60 83 80;48.924569;2.249719;48.924569, 2.249719
CONSERVATOIRE DE NOISY-LE-SEC;63 rue Jean Jaurès;;;NOISY-LE-SEC;93130;93;CRC/CRI - Conservatoire à rayonnement communal;93;01 49 42 67 18;48.893646;2.457157;48.893646, 2.457157
CONSERVATOIRE DE DANSE DE BAGNOLET;36 rue Pierre et Marie Curie;;;BAGNOLET;93170;93;CRC/CRI - Conservatoire à rayonnement communal;93;01 83 74 56 20;48.870403;2.423929;48.870403, 2.423929
CONSERVATOIRE DE NEUILLY-SUR-MARNE;39 avenue du général De Gaulle;;;NEUILLY-SUR-MARNE;93330;93;CRC/CRI - Conservatoire à rayonnement communal;93;;48.856743;2.529895;48.856743, 2.529895
CONSERVATOIRE DE CLICHY-SOUS-BOIS -  MAURICE RAVEL;58 allée Auguste Geneviève;Place du 11 novembre 1918;;CLICHY-SOUS-BOIS;93390;93;CRC/CRI - Conservatoire à rayonnement communal;93;;48.91741;2.543359;48.91741, 2.543359
CONSERVATOIRE DE VAUJOURS;67 rue de Coubron;;;VAUJOURS;93410;93;CRC/CRI - Conservatoire à rayonnement communal;93;;48.928429;2.568456;48.928429, 2.568456
CONSERVATOIRE DE VILLEPINTE;251 Boulevard Robert Ballanger;;;VILLEPINTE;93420;93;CRC/CRI - Conservatoire à rayonnement communal;93;;48.959731;2.551508;48.959731, 2.551508
CONSERVATOIRE D'AULNAY-SOUS-BOIS;12 rue de Sevran;;;AULNAY-SOUS-BOIS;93600;93;CRD - Conservatoire à rayonnement départemental;93;01 48 79 65 21;48.941072;2.499537;48.941072, 2.499537
CONSERVATOIRE DE CRÉTEIL - MARCEL DADI;2-4 rue Maurice Déménitroux;;;CRETEIL;94000;94;CRD - Conservatoire à rayonnement départemental;94;01 56 72 10 10;48.789007;2.454635;48.789007, 2.454635
CONSERVATOIRE DU VAL DE BIÈVRE - ARCUEIL;24 rue Raspail;;;ARCUEIL;94110;94;CRC/CRI - Conservatoire à rayonnement communal;94;;48.801373;2.331797;48.801373, 2.331797
CONSERVATOIRE D'ALFORTVILLE;2, Allée du 8 Mai 1945;;;ALFORTVILLE;94140;94;CRC/CRI - Conservatoire à rayonnement communal;94;01 41 94 31 60;48.791878;2.427336;48.791878, 2.427336
CONSERVATOIRE DE VILLENEUVE-SAINT-GEORGES;Château de Bellevue;9 rue de Crosne;;VILLENEUVE-SAINT-GEORGES;94190;94;CRC/CRI - Conservatoire à rayonnement communal;94;;48.72482;2.446719;48.72482, 2.446719
CONSERVATOIRE D'IVRY-SUR-SEINE;28 bis rue Saint-Just;;;IVRY-SUR-SEINE;94200;94;CRC/CRI - Conservatoire à rayonnement communal;94;01 49 60 26 95;48.810902;2.389135;48.810902, 2.389135
CONSERVATOIRE DE CHARENTON-LE-PONT - ANDRÉ NAVARRA;3 place des Marseillais;;;CHARENTON-LE-PONT;94220;94;CRC/CRI - Conservatoire à rayonnement communal;94;;48.826213;2.405888;48.826213, 2.405888
CONSERVATOIRE DU VAL DE BIÈVRE - FRESNES;Ferme de Cottinville;41 rue Maurice Ténine;;FRESNES;94260;94;CRD - Conservatoire à rayonnement départemental;94;01 55 01 04 99;48.75525;2.326389;48.75525, 2.326389
ÉCOLE MUNICIPALE DES ARTS DE JOINVILLE-LE-PONT;12 ter chemin de l'Ile Fanac;;;JOINVILLE LE PONT;94344;94;Ecole de musique et de danse municipale ou intercommunale;94;01 48 89 31 63;48.821776;2.467544;48.821776, 2.467544
CONSERVATOIRE DE VILLIERS-SUR-MARNE;5 place Remoiville;;;VILLIERS-SUR-MARNE;94355;94;CRC/CRI - Conservatoire à rayonnement communal;94;01 49 30 29 90;48.826833;2.541742;48.826833, 2.541742
CONSERVATOIRE DE LIMEIL-BREVANNES;23 rue Pasteur;;;LIMEIL-BREVANNES;94450;94;CRC/CRI - Conservatoire à rayonnement communal;94;01 56 73 21 30;48.746318;2.4804;48.746318, 2.4804
ECOLE DE MUSIQUE DE SANNOIS;121 boulevard Charles De Gaulle;;;SANNOIS;95110;95;Ecole de musique et de danse municipale ou intercommunale;95;;48.973723;2.252758;48.973723, 2.252758
ÉCOLE DE MUSIQUE DE CORMEILLES-EN-PARISIS;25 avenue de la Libération;;;CORMEILLES-EN-PARISIS;95240;95;Ecole de musique et de danse municipale ou intercommunale;95;01 39 78 45 55;48.973868;2.198828;48.973868, 2.198828
ECOLE MUNICIPALE DE MUSIQUE ET DE DANSE DE LOUVRES;23 rue du Docteur Paul Bruel;;;LOUVRES;95380;95;Ecole de musique et de danse municipale ou intercommunale;95;01.34.68.89.23;49.042635;2.505493;49.042635, 2.505493
ECOLE MUNICIPALE DE MUSIQUE D'OSNY;Parc du Château de Grouchy;;;OSNY;95520;95;Ecole de musique et de danse municipale ou intercommunale;95;;49.066121;2.061559;49.066121, 2.061559
ECOLE MUNICIPALE DE DANSE DE ROISSY-EN-FRANCE;L'Orangerie  Allée des Vergers;;;ROISSY-EN-FRANCE;95700;95;Ecole de musique et de danse municipale ou intercommunale;95;;49.001003;2.51839;49.001003, 2.51839
ECOLE DE MUSIQUE D'ENGHIEN-LES-BAINS;Centre des Arts;12 - 16 avenue de la Libération;;ENGHIEN-LES-BAINS;95880;95;Ecole de musique et de danse municipale ou intercommunale;95;;48.971934;2.305204;48.971934, 2.305204
CONSERVATOIRE DE PARIS 07 - ERIK SATIE;135 bis rue de l'Université;;;PARIS;75007;75;CRC/CRI - Conservatoire à rayonnement communal;75;01 47 05 33 01;48.861104;2.30799;48.861104, 2.30799
CONSERVATOIRE RÉGIONAL DE PARIS;14 rue de Madrid;;;PARIS;75008;75;CRR - Conservatoire à rayonnement régional;75;01 44 70 64 00;48.878364;2.320238;48.878364, 2.320238
CONSERVATOIRE DE PARIS 09 - NADIA ET LILI BOULANGER;17 rue Rochechouart;;;PARIS;75009;75;CRC/CRI - Conservatoire à rayonnement communal;75;01 44 53 86 86;48.877465;2.344584;48.877465, 2.344584
CONSERVATOIRE DE PARIS 18 - GUSTAVE CHARPENTIER;29 rue Baudelique;;;PARIS;75018;75;CRC/CRI - Conservatoire à rayonnement communal;75;01 42 64 24 77;48.893356;2.347637;48.893356, 2.347637
CONSERVATOIRE DE VAUX-LE-PÉNIL;Espace François Mitterand;1 rue des Ormessons;;VAUX-LE-PÉNIL;77000;77;CRC/CRI - Conservatoire à rayonnement communal;77;01 64 71 51 28;48.526627;2.680658;48.526627, 2.680658
ECOLE MUNICIPALE DE MUSIQUE DE COULOMMIERS;14 bis avenue de la République;;;COULOMMIERS;77120;77;Ecole de musique et de danse municipale ou intercommunale;77;;48.815684;3.08464;48.815684, 3.08464
CONSERVATOIRE DE TORCY - MICHEL SLOBO;2 place de l'Eglise;;;TORCY;77200;77;CRC/CRI - Conservatoire à rayonnement communal;77;01 60 37 37 30;48.850054;2.653395;48.850054, 2.653395
CONSERVATOIRE DE MITRY-MORY;7 avenue de Verdun;;;MITRY-MORY;77290;77;CRC/CRI - Conservatoire à rayonnement communal;77;01 60 21 22 10;48.955294;2.600131;48.955294, 2.600131
ÉCOLE DE MUSIQUE DE FONTAINEBLEAU;45 rue Béranger;;;FONTAINEBLEAU;77300;77;CRC/CRI - Conservatoire à rayonnement communal;77;01 64 22 27 18;48.409896;2.703291;48.409896, 2.703291
ECOLE MUNICIPALE DE MUSIQUE DE LA FERTÉ-GAUCHER;Maison des services publics;6 rue Ernest Delbert;Bâtiment C;LA-FERTE-GAUCHER;77320;77;Ecole de musique et de danse municipale ou intercommunale;77;;48.782214;3.306659;48.782214, 3.306659
ECOLE DE MUSIQUE DE VAIRES-SUR-MARNE - OLIVIER MESSIAEN;31 - 33 avenue Jean-Jaurès;;;VAIRES-SUR-MARNE;77360;77;CRC/CRI - Conservatoire à rayonnement communal;77;;48.87321;2.637302;48.87321, 2.637302
CONSERVATOIRE DE MARNE ET GONDOIRE - THORIGNY SUR MARNE / POMPONNE;1 rue Gambetta;;;THORIGNY-SUR-MARNE;77400;77;CRC/CRI - Conservatoire à rayonnement communal;77;01 60 07 89 80;48.884339;2.712336;48.884339, 2.712336
CONSERVATOIRE DE CHELLES;1, rue Pointcarré;;;CHELLES;77500;77;CRC/CRI - Conservatoire à rayonnement communal;77;01 60 08 09 82;48.870718;2.582289;48.870718, 2.582289
CONSERVATOIRE DE MONTIGNY-LE-BRETONNEUX;Quartier de la Sourderie;Place Jacques Coeur;;MONTIGNY-LE-BRETONNEUX;78180;78;CRC/CRI - Conservatoire à rayonnement communal;78;01 30 64 15 73;48.769454;2.040095;48.769454, 2.040095
ECOLE MUNICIPALE DE MUSIQUE ET DE DANSE DE TRAPPES;4 rue des Fermes;;;TRAPPES;78190;78;Ecole de musique et de danse municipale ou intercommunale;78;01 30 16 45 60;48.778503;1.996767;48.778503, 1.996767
ECOLE DE MUSIQUE DE FONTENAY-LE-FLEURY;5 rue Jean Jaurès;;;FONTENAY-LE-FLEURY;78330;78;Ecole de musique et de danse municipale ou intercommunale;78;;48.814681;2.048735;48.814681, 2.048735
CONSERVATOIRE DE PLAISIR;282 rue de la Brétechelle;;;PLAISIR;78370;78;CRC/CRI - Conservatoire à rayonnement communal;78;01 30 79 63 31;48.816513;1.954398;48.816513, 1.954398
ECOLE MUNICIPALE DE MUSIQUE ET DE DANSE DE VERNEUIL-SUR-SEINE;11 rue Delapierre;;;VERNEUIL-SUR-SEINE;78480;78;Ecole de musique et de danse municipale ou intercommunale;78;;48.979172;1.976938;48.979172, 1.976938
ECOLE DE MUSIQUE ET DE DANSE DE TRIEL-SUR-SEINE;Espace Senet;121 rue Paul Doumer;;TRIEL-SUR-SEINE;78510;78;Ecole de musique et de danse municipale ou intercommunale;78;06 24 43 08 73;48.979514;2.00393;48.979514, 2.00393
CONSERVATOIRE DE PALAISEAU;69 Rue Victor Hugo;;;PALAISEAU;91120;91;CRC/CRI - Conservatoire à rayonnement communal;91;;48.711853;2.247909;48.711853, 2.247909
CONSERVATOIRE DE VIRY-CHATILLON - M.A. CHARPENTIER;28 avenue de la République;;;VIRY-CHATILLON;91170;91;CRC/CRI - Conservatoire à rayonnement communal;91;;48.671761;2.377226;48.671761, 2.377226
CONSERVATOIRE DES PORTES DE L'ESSONNE - JUVISY;Place Jean Durix;;;JUVISY-SUR-ORGE;91261;91;CRC/CRI - Conservatoire à rayonnement communal;91;01 69 57 82 10;48.690378;2.374595;48.690378, 2.374595
CONSERVATOIRE D'ARPAJON - GABRIEL FAURÉ;13 rue Dauvilliers;;;ARPAJON;91290;91;CRC/CRI - Conservatoire à rayonnement communal;91;01 64 90 21 29;48.589806;2.250046;48.589806, 2.250046
ÉCOLE DE MUSIQUE DE LONGPONT-SUR-ORGE;26 rue Lormoy;;;LONGPONT-SUR-ORGE;91310;91;Ecole de musique et de danse municipale ou intercommunale;91;;48.641019;2.291502;48.641019, 2.291502
CONSERVATOIRE DE QUINCY-SOUS-SÉNART;2 rue de Combs-la-Ville;;;QUINCY-SOUS-SÉNART;91480;91;CRC/CRI - Conservatoire à rayonnement communal;91;01 69 00 48 72;48.671856;2.538683;48.671856, 2.538683
CONSERVATOIRE D'ETRECHY;2 boulevard de la Gare;;;ETRECHY;91580;91;CRC/CRI - Conservatoire à rayonnement communal;91;01 60 80 24 46;48.493705;2.193787;48.493705, 2.193787
ÉCOLE MUNICIPALE DE MUSIQUE ET DE DANSE DE LA VILLE-DU-BOIS;Ferme de la Croix Saint-Jacques;;;LA-VILLE-DU-BOIS;91620;91;Ecole de musique et de danse municipale ou intercommunale;91;;48.669142;2.274454;48.669142, 2.274454
CONSERVATOIRE DE BREUILLET;40 grande rue;;;BREUILLET;91650;91;CRC/CRI - Conservatoire à rayonnement communal;91;01 69 81 19 60;48.567041;2.173137;48.567041, 2.173137
CONSERVATOIRE DE SAINTE-GENEVIÈVE-DES-BOIS - R.NOUREEV;3 rue Romain Rolland;;;SAINTE-GENEVIÈVE-DES-BOIS;91700;91;CRC/CRI - Conservatoire à rayonnement communal;91;01 60 16 03 11;48.648423;2.318455;48.648423, 2.318455
ÉCOLE MUNICIPALE DE MUSIQUE DE BOISSY-SOUS-SAINT-YON;Mairie;Place Charles De Gaulle;;BOISSY-SOUS-SAINT-YON;91790;91;Ecole de musique et de danse municipale ou intercommunale;91;06 81 00 52 04;48.558603;2.20939;48.558603, 2.20939
ÉCOLE MUNICIPALE DE MUSIQUE DU COUDRAY-MONTCEAUX;Centre culturel Athanassios Athanassiou;;;LE-COUDRAY-MONTCEAUX;91830;91;Ecole de musique et de danse municipale ou intercommunale;91;06 27 18 04 49;48.561048;2.494818;48.561048, 2.494818
CONSERVATOIRE DE VANVES;17-21 rue Solférino;;;VANVES;92170;92;CRC/CRI - Conservatoire à rayonnement communal;92;01 46 29 44 80;48.822878;2.289652;48.822878, 2.289652
CONSERVATOIRE DE FONTENAY-AUX-ROSES;3 bis rue du Docteur Soubise;;;FONTENAY-AUX-ROSES;92260;92;CRC/CRI - Conservatoire à rayonnement communal;92;01 43 50 67 67;48.787524;2.286904;48.787524, 2.286904
CONSERVATOIRE DE CHÂTILLON;5 rue Paul Bert;;;CHATILLON;92320;92;CRC/CRI - Conservatoire à rayonnement communal;92;01 42 53 14 18;48.803777;2.29101;48.803777, 2.29101
CONSERVATOIRE DE RUEIL-MALMAISON;182 avenue Paul Doumer;;;RUEIL-MALMAISON;92500;92;CRR - Conservatoire à rayonnement régional;92;01 47 49 74 45;48.879;2.177819;48.879, 2.177819
CONSERVATOIRE DE NOISY-LE-GRAND;1 place Galliéni;;;NOISY-LE-GRAND;93160;93;CRC/CRI - Conservatoire à rayonnement communal;93;01 43 04 63 55;48.848383;2.554945;48.848383, 2.554945
CONSERVATOIRE DE SEVRAN - LOUIS KERVOËRN;Espace François Mauriac;51, avenue du Général Leclerc;;SEVRAN;93270;93;CRC/CRI - Conservatoire à rayonnement communal;93;01 49 36 51 73;48.939942;2.522653;48.939942, 2.522653
CONSERVATOIRE DE DUGNY;3 avenue du Général De Gaulle;;;DUGNY;93440;93;CRC/CRI - Conservatoire à rayonnement communal;93;;48.950949;2.416514;48.950949, 2.416514
L'ÉCOLE DES ARTS DE L'ILE-SAINT-DENIS;1 rue Méchin;Place des arts;;ILE-SAINT-DENIS;93450;93;Ecole de musique et de danse municipale ou intercommunale;93;;48.935738;2.340358;48.935738, 2.340358
CONSERVATOIRE DU VAL DE BIÈVRE - LE KREMLIN-BICETRE;2 place Victor Hugo;;;LE KREMLIN-BICETRE;94270;94;CRC/CRI - Conservatoire à rayonnement communal;94;;48.808867;2.360787;48.808867, 2.360787
CONSERVATOIRE DE VINCENNES;98 rue de Fontenay;;;VINCENNES;94300;94;CRC/CRI - Conservatoire à rayonnement communal;94;01 43 98 68 68;48.848047;2.439436;48.848047, 2.439436
CONSERVATOIRE DE SUCY-EN-BRIE;Château de Sucy;1 avenue Georges Pompidou;;SUCY-EN-BRIE;94370;94;CRC/CRI - Conservatoire à rayonnement communal;94;01 45 90 47 47;48.77097;2.522383;48.77097, 2.522383
CONSERVATOIRE DE BONNEUIL-SUR-MARNE;10 rue Auguste Gross;;;BONNEUIL-SUR-MARNE;94380;94;CRC/CRI - Conservatoire à rayonnement communal;94;;48.773982;2.486303;48.773982, 2.486303
CONSERVATOIRE D'HERBLAY;Espace André Malraux;5 chemin de Montigny;;HERBLAY;95220;95;CRC/CRI - Conservatoire à rayonnement communal;95;01 39 78 21 92;48.991408;2.175101;48.991408, 2.175101
ECOLE MUNICIPALE DE MUSIQUE DE VIARMES;Place Pierre Salvi;BP 10;;VIARMES;95270;95;Ecole de musique et de danse municipale ou intercommunale;95;;49.126053;2.369333;49.126053, 2.369333
CONSERVATOIRE DE VILLIERS-LE-BEL;77 avenue Gambetta;;;VILLIERS-LE-BEL;95400;95;Ecole de musique et de danse municipale ou intercommunale;95;01 39 90 81 92;49.006423;2.397878;49.006423, 2.397878
ECOLE MUNICIPALE DE MUSIQUE DE SURVILLIERS;Maison des Arts et des Loisirs;Place de la Bergerie;vmarie@roissy-online.com;SURVILLIERS;95470;95;Ecole de musique et de danse municipale ou intercommunale;95;;49.099681;2.54346;49.099681, 2.54346
ECOLE DE MUSIQUE INTERCOMMUNALE DU VEXIN ET DE LA VALLÉE DE LOISE (SIMVVO);2 boulevard Gambetta;;;MARINES;95640;95;CRC/CRI - Conservatoire à rayonnement communal;95;01 30 39 20 65;49.145791;1.977508;49.145791, 1.977508
ECOLE MUNICIPALE DE MUSIQUE DE MARLY-LA-VILLE;Hôtel de Ville;10 rue Colonel Fabien;;MARLY-LA-VILLE;95670;95;Ecole de musique et de danse municipale ou intercommunale;95;;49.079419;2.499646;49.079419, 2.499646
CONSERVATOIRE DE BRUNOY;19 rue du réveillon;;;BRUNOY;91800;91;CRC/CRI - Conservatoire à rayonnement communal;91;01 60 46 82 51;48.699881;2.500508;48.699881, 2.500508
ÉCOLE DE MUSIQUE DE VILLENEUVE-LA-GARENNE;38 quai d'Asnières;;;VILLENEUVE-LA-GARENNE;92390;92;Ecole de musique et de danse municipale ou intercommunale;92;;48.932286;2.335401;48.932286, 2.335401
CONSERVATOIRE D'ASNIÈRES-SUR-SEINE;4 rue de l'Eglise;;;ASNIÈRES-SUR-SEINE;92600;92;Ecole de musique et de danse municipale ou intercommunale;92;;48.91094;2.293402;48.91094, 2.293402
CONSERVATOIRE DE BAGNOLET - ERIK SATIE;36 rue Pierre et Marie Curie;;;BAGNOLET;93170;93;CRC/CRI - Conservatoire à rayonnement communal;93;01 83 74 56 20;48.870403;2.423929;48.870403, 2.423929
ECOLE MUNICIPALE DE MUSIQUE ET DE DANSE DE RUNGIS;6 rue Sainte-Geneviève;;;RUNGIS;94150;94;Ecole de musique et de danse municipale ou intercommunale;94;;48.748631;2.347698;48.748631, 2.347698
CONSERVATOIRE DE VITRY-SUR-SEINE - ACADÉMIE DE DANSE;71 rue Camille Groult;;;VITRY-SUR-SEINE;94400;94;CRC/CRI - Conservatoire à rayonnement communal;94;01 55 53 14 93;48.787475;2.397546;48.787475, 2.397546
ECOLE MUNICIPALE DE MUSIQUE ET DE DANSE DE CHENNEVIÈRES-SUR-MARNE;46 avenue du Général De Gaulle;;;CHENNEVIERES-SUR-MARNE;94430;94;Ecole de musique et de danse municipale ou intercommunale;94;;48.794976;2.529859;48.794976, 2.529859
CONSERVATOIRE DU VAL DE BIÈVRE - VILLEJUIF;159 avenue de Paris;;;VILLEJUIF;94800;94;CRC/CRI - Conservatoire à rayonnement communal;94;01 53 14 15 90;48.797888;2.366136;48.797888, 2.366136
ECOLE MUNICIPALE DE MUSIQUE DE DEUIL-LA-BARRE;2 Rue Jean Bouin;;;DEUIL-LA-BARRE;95170;95;Ecole de musique et de danse municipale ou intercommunale;95;;48.968428;2.323101;48.968428, 2.323101
ECOLE DE MUSIQUE ET DE DANSE DE SOISSY-SOUS-MONTMORENCY;1 avenue du Général de Gaulle;;;SOISY-SOUS-MONTMORENCY;95230;95;Ecole de musique et de danse municipale ou intercommunale;95;;48.987785;2.301047;48.987785, 2.301047
CONSERVATOIRE DE SAINT-OUEN L'AUMONE - MAURICE RAVEL;16 avenue du Général de Gaulle;;;SAINT-OUEN-L'AUMONE;95310;95;CRC/CRI - Conservatoire à rayonnement communal;95;01 34 64 16 82;49.043672;2.107855;49.043672, 2.107855
ECOLE MUNICIPALE DE MUSIQUE ET DE DANSE DE GONESSE;3 ter rue de Paris;;;GONESSE;95500;95;Ecole de musique et de danse municipale ou intercommunale;95;01.39.87.28.66;48.98586;2.448265;48.98586, 2.448265
CONSERVATOIRE DE PARIS 06 - JEAN-PHILIPPE RAMEAU;3 ter rue Mabillon;;;PARIS;75006;75;CRC/CRI - Conservatoire à rayonnement communal;75;01 55 42 76 20;48.85268;2.335084;48.85268, 2.335084
CONSERVATOIRE DE PARIS 12 - PAUL DUKAS;51 rue Jorge Semprun;;;PARIS;75012;75;CRC/CRI - Conservatoire à rayonnement communal;75;01 43 47 17 66;48.842281;2.384334;48.842281, 2.384334
CONSERVATOIRE DE PARIS 13 - MAURICE RAVEL;67 avenue Edison;;;PARIS;75013;75;CRC/CRI - Conservatoire à rayonnement communal;75;01 44 06 63 20;48.829784;2.359104;48.829784, 2.359104
CONSERVATOIRE DE PARIS 15 - FRÉDÉRIC CHOPIN;43 rue Bargue;;;PARIS;75015;75;CRC/CRI - Conservatoire à rayonnement communal;75;01 42 73 15 32;48.837976;2.308962;48.837976, 2.308962
CONSERVATOIRE DE PARIS 17 - CLAUDE DEBUSSY;222 rue de Courcelles;;;PARIS;75017;75;CRC/CRI - Conservatoire à rayonnement communal;75;01 47 64 98 99;48.888314;2.294026;48.888314, 2.294026
CONSERVATOIRE DE PARIS 20 - GEORGES BIZET;54 rue des Cendriers;;;PARIS;75020;75;CRC/CRI - Conservatoire à rayonnement communal;75;01 40 33 50 05;48.865842;2.388098;48.865842, 2.388098
ECOLE DE MUSIQUE DE MAREUIL-LÈS-MEAUX;3 place Jean-Jaurès;;;MAREUIL-LÈS-MEAUX;77100;77;Ecole de musique et de danse municipale ou intercommunale;77;01 64 33 14 27;48.927107;2.859191;48.927107, 2.859191
ECOLE DE MUSIQUE DE BROU-SUR-CHANTEREINE;Le kiosque;Place du 8 mai 1945;;BROU-SUR-CHANTEREINE;77177;77;Ecole de musique et de danse municipale ou intercommunale;77;01 72 84 62 78;48.881453;2.623442;48.881453, 2.623442
ECOLE MUNICIPALE DE MUSIQUE DE CROISSY-BEAUBOURG;Place de la Mairie;30 rue de Paris;;CROISSY-BEAUBOURG;77183;77;Ecole de musique et de danse municipale ou intercommunale;77;;48.82773;2.659686;48.82773, 2.659686
ECOLE DU MUSIQUE DU PAYS FERTOIS;22 avenue du Général Leclerc;;;LA-FERTE-SOUS-JOUARRE;77260;77;Ecole de musique et de danse municipale ou intercommunale;77;01 60 61 13 63;48.953451;3.128357;48.953451, 3.128357
ECOLE MUNICIPALE DE MUSIQUE ET DE DANSE DE BOISSISE;Mairie;11 rue du Château;;BOISSISE-LE-ROI;77310;77;Ecole de musique et de danse municipale ou intercommunale;77;;48.528408;2.572937;48.528408, 2.572937
ÉCOLE MUNICIPALE DE MUSIQUE DE DANSE ET DE THÉÂTRE DE SAINT-FARGEAU-PONTHIERRY;81 avenue de Fontainebleau;;;SAINT-FARGEAU-PONTHIERRY;77310;77;Ecole de musique et de danse municipale ou intercommunale;77;;48.530414;2.542883;48.530414, 2.542883
CONSERVATOIRE DE MARNE ET GONDOIRE - LAGNY-SUR-MARNE;2 avenue du Général Leclerc;;;LAGNY-SUR-MARNE;77400;77;CRC/CRI - Conservatoire à rayonnement communal;77;01 60 94 00 10;48.876795;2.700906;48.876795, 2.700906
CONSERVATOIRE DE MARNE ET GONDOIRE - SAINT THIBAULT DES VIGNES;Centre culturel Marc Brinon;1 rue des Vergers;;SAINT-THIBAULT DES VIGNES;77400;77;CRC/CRI - Conservatoire à rayonnement communal;77;01 60 31 73 21;48.868948;2.681552;48.868948, 2.681552
ECOLE DE MUSIQUE DE MOISSY-CRAMAYEL;Groupe scolaire du Noyer-Perrot;Rue de la Mare lEvêque;;MOISSY-CRAMAYEL;77550;77;Ecole de musique et de danse municipale ou intercommunale;77;01 64 88 17 50;48.623487;2.594671;48.623487, 2.594671
CONSERVATOIRE DE BUSSY-SAINT-GEORGES;1 rue Jean Monnet;;;BUSSY-SAINT-GEORGES;77600;77;CRC/CRI - Conservatoire à rayonnement communal;77;01 60 21 36 00;48.83893;2.707888;48.83893, 2.707888
CONSERVATOIRE DU VÉSINET - GEORGES BIZET;51 boulevard d'Angleterre;;;LE VESINET;78110;78;CRC/CRI - Conservatoire à rayonnement communal;78;;48.896631;2.118341;48.896631, 2.118341
MAISON DE LA MUSIQUE ET DE LA DANSE DE LA VERRIÈRE;19 avenue du Général Leclerc;;;LA VERRIERE;78320;78;Ecole de musique et de danse municipale ou intercommunale;78;;48.754558;1.954923;48.754558, 1.954923
ECOLE DE MUSIQUE DE BOUGIVAL;10 rue Général Leclerc;;;BOUGIVAL;78380;78;Ecole de musique et de danse municipale ou intercommunale;78;;48.866587;2.138297;48.866587, 2.138297
ECOLE DE MUSIQUE MONTFORT L'AMAURY;;;;MONTFORT L'AMAURY;78490;78;Ecole de musique et de danse municipale ou intercommunale;78;;48.776544;1.807899;48.776544, 1.807899
CONSERVATOIRE DE JOUARS-PONTCHARTRAIN;1 rue Sainte Anne;;;JOUARS-PONTCHARTRAIN;78760;78;CRC/CRI - Conservatoire à rayonnement communal;78;;48.801626;1.900179;48.801626, 1.900179
CONSERVATOIRE DE SAINT-NOM-LA-BRETECHE;Espace Jacques Kosciusko-Morizet;1 place Henri Hamel;;SAINT-NOM-LA-BRETECHE;78860;78;CRC/CRI - Conservatoire à rayonnement communal;78;;48.862808;2.019552;48.862808, 2.019552
CONSERVATOIRE D'EVRY CENTRE ESSONNE - SITE  VILLABÉ;10 rue Orion;;;VILLABÉ;91100;91;CRC/CRI - Conservatoire à rayonnement communal;91;06 42 69 88 77;48.588767;2.460902;48.588767, 2.460902
CONSERVATOIRE D'EVRY CENTRE ESSONNE - SITE  OLIVIER MESSIAEN;17 rue du Château d'eau;;;RIS-ORANGIS;91130;91;CRC/CRI - Conservatoire à rayonnement communal;91;01 69 06 28 37;48.646976;2.399489;48.646976, 2.399489
ECOLE DE MUSIQUE DE SAULX LES CHARTREUX;Mairie;62 rue de la Division Leclerc;;SAULX-LES-CHARTREUX;91160;91;Ecole de musique et de danse municipale ou intercommunale;91;;48.691224;2.264668;48.691224, 2.264668
ÉCOLE DE MUSIQUE DE SAINT-GERMAIN-LES-CORBEIL - ERIK SATIE;6 chemin de Brie;;;SAINT-GERMAIN-LES-CORBEIL;91250;91;Ecole de musique et de danse municipale ou intercommunale;91;;48.621627;2.506665;48.621627, 2.506665
CONSERVATOIRE DE LINAS;103 avenue de la Division Leclerc;;;LINAS;91310;91;CRC/CRI - Conservatoire à rayonnement communal;91;01 64 49 86 70;48.630161;2.264944;48.630161, 2.264944
CONSERVATOIRE DE CHILLY-MAZARIN;Place du 8 mai 1945;;;CHILLY-MAZARIN;91380;91;CRC/CRI - Conservatoire à rayonnement communal;91;01 69 10 37 70;48.701858;2.314079;48.701858, 2.314079
CONSERVATOIRE DE SACLAY;CES Georges Brassens;5bis, rue de Palaiseau;;SACLAY;91400;91;CRC/CRI - Conservatoire à rayonnement communal;91;01 60 19 71 16;48.730325;2.17652;48.730325, 2.17652
CONSERVATOIRE DE LA VALLÉE DE CHEVREUSE - ORSAY;87 rue de Paris - BP 74;;;ORSAY CEDEX;91402;91;CRD - Conservatoire à rayonnement départemental;91;01 69 28 72 07;48.696825;2.190566;48.696825, 2.190566
CONSERVATOIRE D'IGNY;Centre culturel;Place Stalingrad;;IGNY;91430;91;Ecole de musique et de danse municipale ou intercommunale;91;01 69 33 21 35;48.732664;2.221292;48.732664, 2.221292
ECOLE DE MUSIQUE DE SOISY-SUR-SEINE;Château du Grand Veneur Rue du grand Veneur;;;SOISY-SUR-SEINE;91450;91;Ecole de musique et de danse municipale ou intercommunale;91;01 69 89 01 62;48.648242;2.453346;48.648242, 2.453346
CONSERVATOIRE DE LARDY;17, avenue Foch;;;LARDY;91510;91;Ecole de musique et de danse municipale ou intercommunale;91;;48.521797;2.262841;48.521797, 2.262841
CONSERVATOIRE DE BOUSSY-SAINT-ANTOINE;Foyer Jean Ghéhenno;47 rue Georges Coubard;;BOUSSY-SAINT-ANTOINE;91800;91;CRC/CRI - Conservatoire à rayonnement communal;91;01 69 00 13 51;48.689752;2.53112;48.689752, 2.53112
CONSERVATOIRE DE BOULOGNE-BILLANCOURT;22 rue de la Belle Feuille;;;BOULOGNE-BILLANCOURT;92100;92;CRR - Conservatoire à rayonnement régional;92;01 41 31 83 44;48.83801;2.243127;48.83801, 2.243127
CONSERVATOIRE DE MONTROUGE;6 rue Racine;;;MONTROUGE;92120;92;Ecole de musique et de danse municipale ou intercommunale;92;;48.811471;2.317801;48.811471, 2.317801
CONSERVATOIRE DE SURESNES - GEORGES GOURDET;1 place du Puits d'Amour;;;SURESNES;92150;92;CRC/CRI - Conservatoire à rayonnement communal;92;;48.86851;2.226229;48.86851, 2.226229
CONSERVATOIRE DE SÈVRES;8 avenue de la Cristallerie;;;SEVRES;92310;92;CRC/CRI - Conservatoire à rayonnement communal;92;01 45 34 73 60;48.82627;2.220999;48.82627, 2.220999
LA MONTGOLFIÈRE - CENTRE CULTUREL DE VAUCRESSON;Pavillon de musique Léonard de Vinci;10 rue de la Folie;;VAUCRESSON;92420;92;Ecole de musique et de danse municipale ou intercommunale;92;01 71 02 80 80;48.838708;2.154904;48.838708, 2.154904
CONSERVATOIRE DU BLANC-MESNIL;71 avenue Charles Floquet;;;LE BLANC-MESNIL;93150;93;CRD - Conservatoire à rayonnement départemental;93;01 48 65 50 53;48.939241;2.453057;48.939241, 2.453057
CONSERVATOIRE DE GAGNY - JOSEPH GOSSEC;41 avenue Jean Jaurès;;;GAGNY;93220;93;CRC/CRI - Conservatoire à rayonnement communal;93;01 43 02 49 19;48.883701;2.531034;48.883701, 2.531034
CONSERVATOIRE D'AUBERVILLIERS - LA COURNEUVE;13 rue Léopold Réchossière;;;AUBERVILLIERS;93300;93;CRR - Conservatoire à rayonnement régional;93;01 48 11 04 60;48.914622;2.39091;48.914622, 2.39091
CONSERVATOIRE DU BOURGET;30 rue Guynemer;;;LE BOURGET;93350;93;CRC/CRI - Conservatoire à rayonnement communal;93;01 48 37 91 83;48.938175;2.430082;48.938175, 2.430082
ECOLE MUNICIPALE DE MUSIQUE DE NEUILLY-PLAISANCE;12, rue du Général de Gaulle;;;NEUILLY-PLAISANCE;93360;93;Ecole de musique et de danse municipale ou intercommunale;93;;48.86133;2.506112;48.86133, 2.506112
ECOLE MUNICIPALE DE MUSIQUE DE L'ILE SAINT-DENIS;31 avenue Jean Jaurès;;;L'ILE-SAINT-DENIS;93450;93;Ecole de musique et de danse municipale ou intercommunale;93;;48.935148;2.338851;48.935148, 2.338851
CONSERVATOIRE DE SAINT-MAUR-DES-FOSSÉS;25 rue Krüger;;;SAINT-MAUR-DES-FOSSÉS;94100;94;CRR - Conservatoire à rayonnement régional;94;01 48 83 14 67;48.799058;2.491098;48.799058, 2.491098
CONSERVATOIRE DE FONTENAY-SOUS-BOIS - GUY DINOIRD;27 rue du Clos d'Orléans;;;FONTENAY-SOUS-BOIS;94120;94;CRC/CRI - Conservatoire à rayonnement communal;94;01 71 33 58 26;48.843066;2.469537;48.843066, 2.469537
CONSERVATOIRE DE SAINT-MANDÉ - ROBERT LAMOUREUX;11 rue de Bérulle;;;SAINT-MANDE;94160;94;CRC/CRI - Conservatoire à rayonnement communal;94;01 41 74 03 02;48.841335;2.415842;48.841335, 2.415842
CONSERVATOIRE DU PERREUX;62 avenue Georges Clémenceau;;;LE PERREUX-SUR-MARNE;94170;94;CRC/CRI - Conservatoire à rayonnement communal;94;;48.841342;2.504662;48.841342, 2.504662
CONSERVATOIRE DU VAL DE BIÈVRE - CACHAN;19 avenue Cousin de Méricourt;;;CACHAN;94230;94;CRD - Conservatoire à rayonnement départemental;94;01 46 36 38 97;48.798955;2.332673;48.798955, 2.332673
CONSERVATOIRE DU VAL DE BIÈVRE - LHA-LES-ROSES;3/5 rue Gabriel Péri;;;LHAY-LES-ROSES;94240;94;CRD - Conservatoire à rayonnement départemental;94;;48.780391;2.339136;48.780391, 2.339136
CONSERVATOIRE DE VILLENEUVE-LE-ROI - JEAN WIENER;8 rue Maurice Tinseau;;;VILLENEUVE-LE-ROI;94290;94;CRC/CRI - Conservatoire à rayonnement communal;94;01 45 97 26 89;48.73556;2.41645;48.73556, 2.41645
ECOLE MUNICIPALE DES ARTS D'ORLY;2 rue Pasteur;Château du Parc Méliès;;ORLY;94310;94;Ecole de musique et de danse municipale ou intercommunale;94;;48.742349;2.391781;48.742349, 2.391781
ECOLE DE MUSIQUE ET D'ART DRAMATIQUE DE JOINVILLE-LE-PONT;12 ter Chemin d'Ile Fanac;;;JOINVILLE-LE-PONT;94340;94;Ecole de musique et de danse municipale ou intercommunale;94;;48.821124;2.467835;48.821124, 2.467835
ECOLE MUNICIPALE DE MUSIQUE DE BOISSY-SAINT-LÉGER;8 rue de l'Eglise;;;BOISSY-SAINT-LEGER;94470;94;Ecole de musique et de danse municipale ou intercommunale;94;;48.751535;2.510947;48.751535, 2.510947
CONSERVATOIRE DES ARTS DE CHOISY-LE-ROI;Rue du docteur Roux, La Tannerie;;;CHOISY-LE-ROI;94600;94;CRC/CRI - Conservatoire à rayonnement communal;94;01 55 53 51 50;48.771177;2.404979;48.771177, 2.404979
ECOLE MUNICIPALE DES ARTS ET DE LA MUSIQUE DE LE PLESSIS-BOUCHARD;Centre Culturel;5 bis rue Pierre Brossolette;;LE PLESSIS-BOUCHARD;95130;95;Ecole de musique et de danse municipale ou intercommunale;95;;49.001796;2.23476;49.001796, 2.23476
CONSERVATOIRE DE FRANCONVILLE;2 rue d'Ermont;;;FRANCONVILLE;95130;95;CRC/CRI - Conservatoire à rayonnement communal;95;01 39 32 68 43;48.983406;2.231228;48.983406, 2.231228
CONSERVATOIRE DE GARGES-LES-GONESSE;Maison des Arts Louis Aragon;14 rue Philibert Delorme;;GARGES-LES-GONESSE;95140;95;CRC/CRI - Conservatoire à rayonnement communal;95;01 34 53 31 15;48.968536;2.401899;48.968536, 2.401899
CONSERVATOIRE DE SARCELLES;2 avenue Paul Langevin;;;SARCELLES;95200;95;CRC/CRI - Conservatoire à rayonnement communal;95;01 39 90 14 94;48.982641;2.379194;48.982641, 2.379194
ÉCOLE DE MUSIQUE ET DE DANSE DU THILLAY;Place du 8 mai 1945;;;LE THILLAY;95500;95;Ecole de musique et de danse municipale ou intercommunale;95;;49.001979;2.472412;49.001979, 2.472412
CONSERVATOIRE DE PARIS 14 - DARIUS MILHAUD;26 rue Mouton Duvernet;;;PARIS;75014;75;CRC/CRI - Conservatoire à rayonnement communal;75;01 58 14 20 90;48.832585;2.32555;48.832585, 2.32555
CONSERVATOIRE REGIONAL DE DANSE DE PARIS;8 rue Véron;;;PARIS;75018;75;CRR - Conservatoire à rayonnement régional;75;01 71 28 76 48;48.88436;2.337072;48.88436, 2.337072
ECOLE DE MUSIQUE DE L'HARMONIE DU PAYS DE MEAUX;1 place du Temple;;;MEAUX;77100;77;Ecole de musique et de danse municipale ou intercommunale;77;01 60 25 20 39;48.958224;2.887675;48.958224, 2.887675
ECOLE DE MUSIQUE DE LÉSIGNY;25 rue de Villarceau;;;LÉSIGNY;77150;77;Ecole de musique et de danse municipale ou intercommunale;77;01 60 02 43 99;48.745587;2.616719;48.745587, 2.616719
CONSERVATOIRE DE LA BRIE;59 rue Pasteur;;;BRIE-COMTE-ROBERT;77170;77;CRC/CRI - Conservatoire à rayonnement communal;77;;48.692108;2.618309;48.692108, 2.618309
CONSERVATOIRE DE COMBS-LA-VILLE - MAURICE OHANA;Rue Baptiste Marcet;BP 112;;COMBS-LA-VILLE;77380;77;CRC/CRI - Conservatoire à rayonnement communal;77;01 64 88 77 00;48.655214;2.570037;48.655214, 2.570037
LE TRAIT D'UNION - ECOLE DE MUSIQUE DE BOIS-LE-ROI;11 avenue Gallieni;;;BOIS-LE-ROI;77590;77;Ecole de musique et de danse municipale ou intercommunale;77;01 64 87 11 90;48.474728;2.691469;48.474728, 2.691469
CONSERVATOIRE DE SAINT-GERMAIN-EN-LAYE - CLAUDE DEBUSSY;3 rue du Maréchal Joffre;;;SAINT-GERMAIN-EN-LAYE;78100;78;CRD - Conservatoire à rayonnement départemental;78;;48.894803;2.088963;48.894803, 2.088963
CONSERVATOIRE DES MUREAUX - CENTRE DES ARTS GABRIEL FAURE;Château de Bécheville;;;LES MUREAUX;78130;78;CRC/CRI - Conservatoire à rayonnement communal;78;01 30 91 38 25;48.987253;1.913637;48.987253, 1.913637
CONSERVATOIRE DE ROCQUENCOURT;Communauté d'agglomération de Versailles Grand Parc;7 ter rue de la Porte de Buc;;ROCQUENCOURT;78150;78;CRC/CRI - Conservatoire à rayonnement communal;78;;48.794858;2.138154;48.794858, 2.138154
ECOLE MUNICIPALE DE MUSIQUE DE CROISSY-SUR-SEINE;12 Grande rue;;;CROISSY-SUR-SEINE;78290;78;Ecole de musique et de danse municipale ou intercommunale;78;;48.87754;2.152175;48.87754, 2.152175
ECOLE DE MUSIQUE DE MAUREPAS;4 rue de la Beauce;;;MAUREPAS;78310;78;Ecole de musique et de danse municipale ou intercommunale;78;01 30 66 55 00;48.766829;1.944784;48.766829, 1.944784
ECOLE DE MUSIQUE ET DE DANSE DE GARGENVILLE - NADIA ET LILI BOULANGER;1 avenue Victor Hugo;;;GARGENVILLE;78440;78;Ecole de musique et de danse municipale ou intercommunale;78;;48.976888;1.81187;48.976888, 1.81187
CONSERVATOIRE D'EVRY CENTRE ESSONNE - SITE  CHARLES GOUNOD;Rue des Pyramides;;;BONDOUFLE;91070;91;CRC/CRI - Conservatoire à rayonnement communal;91;;48.611694;2.372597;48.611694, 2.372597
MAISON DE LA DANSE DE VIRY-CHATILLON;Mairie - Service culturel;28 avenue de la République;;VIRY-CHATILLON;91170;91;Ecole de musique et de danse municipale ou intercommunale;91;;48.671761;2.377226;48.671761, 2.377226
CONSERVATOIRE DES PORTES DE L'ESSONNE - ATHIS-MONS;Espace Jean Monnet;Rue Madame Lafosse;;ATHIS-MONS;91200;91;CRC/CRI - Conservatoire à rayonnement communal;91;01 60 48 10 10;48.70957;2.387587;48.70957, 2.387587
CONSERVATOIRE DE WISSOUS;15 Rue Fernand Léger;;;WISSOUS;91320;91;CRC/CRI - Conservatoire à rayonnement communal;91;01 60 19 70 70;48.740481;2.329494;48.740481, 2.329494
CONSERVATOIRE DE GRIGNY;7,9 rue des Petits Pas;;;GRIGNY;91350;91;CRC/CRI - Conservatoire à rayonnement communal;91;01 69 45 03 27;48.651452;2.380136;48.651452, 2.380136
ÉCOLE DE MUSIQUE DE PARAY-VIEILLE-POSTE;Espace Éric-Tabarly;75 avenue Paul Vaillant-Couturier;;PARAY-VIEILLE-POSTE;91550;91;Ecole de musique et de danse municipale ou intercommunale;91;01 60 48 80 60;48.712924;2.364682;48.712924, 2.364682
CONSERVATOIRE DE SAVIGNY-SUR-ORGE - CLAUDE DEBUSSY;25 Grande Rue;;;SAVIGNY-SUR-ORGE;91600;91;CRC/CRI - Conservatoire à rayonnement communal;91;01 69 44 15 75;48.676617;2.355029;48.676617, 2.355029
CONSERVATOIRE DE MEUDON;7 boulevard des Nations Unies;;;MEUDON;92190;92;CRD - Conservatoire à rayonnement départemental;92;01 46 26 22 50;48.813941;2.235261;48.813941, 2.235261
CONSERVATOIRE DE COURBEVOIE;13 bis boulevard Aristide Briand;;;COURBEVOIE;92400;92;CRC/CRI - Conservatoire à rayonnement communal;92;01.47.68.95.93;48.899661;2.258884;48.899661, 2.258884
CONSERVATOIRE DE VILLE-D'AVRAY;10 rue de Marnes;;;VILLE-D'AVRAY;92410;92;CRD - Conservatoire à rayonnement départemental;92;01.47.50.44.28;48.827233;2.186128;48.827233, 2.186128
CONSERVATOIRE DE MONTREUIL;13 avenue de la Résistance;;;MONTREUIL;93100;93;CRD - Conservatoire à rayonnement départemental;93;01 83 74 57 90;48.85867;2.436536;48.85867, 2.436536
CONSERVATOIRE DE BONDY;23 bis rue Roger Salengro;;;BONDY;93140;93;CRC/CRI - Conservatoire à rayonnement communal;93;01 48 50 41 50;48.901127;2.478889;48.901127, 2.478889
CONSERVATOIRE DE SAINT-DENIS;15 rue Catulienne;;;SAINT-DENIS;93200;93;CRC/CRI - Conservatoire à rayonnement communal;93;01 83 72 20 45;48.935689;2.351244;48.935689, 2.351244
CONSERVATOIRE D'ÉPINAY-SUR-SEINE;79 avenue Jean Jaurès;;;EPINAY-SUR-SEINE;93800;93;Ecole de musique et de danse municipale ou intercommunale;93;;48.956428;2.31967;48.956428, 2.31967
ECOLE DE MUSIQUE DU PLESSIS-TREVISE - CESAR FRANCK;31 - 33 avenue Bertrand;;;LE PLESSIS-TREVISE;94420;94;Ecole de musique et de danse municipale ou intercommunale;94;;48.807587;2.582508;48.807587, 2.582508
CONSERVATOIRE DE MAISONS-ALFORT - HENRI DUTILLEUX;85 rue Victor Hugo;;;MAISONS-ALFORT;94700;94;CRC/CRI - Conservatoire à rayonnement communal;94;01 53 48 10 17;48.799778;2.442509;48.799778, 2.442509
CONSERVATOIRE DE DANSE DU VAL DE BIÈVRE - VILLEJUIF;159 avenue de Paris;;;VILLEJUIF;94800;94;CRC/CRI - Conservatoire à rayonnement communal;94;01 53 14 15 99;48.797888;2.366136;48.797888, 2.366136
CONSERVATOIRE DE TAVERNY;44 rue de Montmorency;;;TAVERNY;95150;95;CRC/CRI - Conservatoire à rayonnement communal;95;01.39.60.16.53;49.019169;2.224485;49.019169, 2.224485
ÉCOLE DE MUSIQUE DE LUZARCHES;6 rue de la Pommeraye;;;LUZARCHES;95270;95;Ecole de musique et de danse municipale ou intercommunale;95;01 34 71 91 42;49.109821;2.425617;49.109821, 2.425617
CONSERVATOIRE DE SAINT-BRICE SOUS FORÊT;Centre culturel et sportif Lionel Terray;12 rue Pasteur;;SAINT-BRICE-SOUS-FORET;95350;95;Ecole de musique et de danse municipale ou intercommunale;95;01.39.33.01.85;48.99959;2.358144;48.99959, 2.358144
ECOLE DE MUSIQUE ET DE DANSE DE FOSSES;1, place du 19 mars 1962;;;FOSSES CEDEX;95471;95;Ecole de musique et de danse municipale ou intercommunale;95;;49.098667;2.516033;49.098667, 2.516033
CONSERVATOIRE D'ACHÈRES;Chemin sous le Parc;;;ACHERES;78260;78;CRC/CRI - Conservatoire à rayonnement communal;78;01 39 11 57 77;48.962219;2.062771;48.962219, 2.062771
CONSERVATOIRE DE MONTESSON;70 avenue Molière;;;MONTESSON;78360;78;CRC/CRI - Conservatoire à rayonnement communal;78;01 39 13 46 89;48.9288;2.140238;48.9288, 2.140238
ECOLE MUNICIPALE DE MUSIQUE DE FEUCHEROLLES;Mairie;39 Grande Rue;;FEUCHEROLLES;78810;78;Ecole de musique et de danse municipale ou intercommunale;78;;48.874483;1.974081;48.874483, 1.974081
CONSERVATOIRE D'EVRY CENTRE ESSONNE - SITE IANNIS XENAKIS;9-11 Cours Mgr Roméro;;;EVRY;91000;91;CRD - Conservatoire à rayonnement départemental;91;01 60 77 24 25;48.622852;2.428724;48.622852, 2.428724
CONSERVATOIRE DE LONGJUMEAU - ECOLE MOZART;2 rue de la Peupleraie;;;LONGJUMEAU;91160;91;CRC/CRI - Conservatoire à rayonnement communal;91;;48.695273;2.298667;48.695273, 2.298667
CONSERVATOIRE DE DRAVEIL;2 avenue de Villiers;;;DRAVEIL;91210;91;CRC/CRI - Conservatoire à rayonnement communal;91;01 69 42 34 17;48.681344;2.40389;48.681344, 2.40389
ÉCOLE DE MUSIQUE DE LEUVILLE-SUR-ORGE;Hôtel de ville;28 rue Jules Ferry;;LEUVILLE-SUR-ORGE;91310;91;Ecole de musique et de danse municipale ou intercommunale;91;01 60 85 12 20;48.616205;2.263692;48.616205, 2.263692
CONSERVATOIRE DE VILLEMOISSON-SUR-ORGE;10 avenue du Vieux logis;;;VILLEMOISSON-SUR-ORGE;91360;91;CRC/CRI - Conservatoire à rayonnement communal;91;01 69 04 23 31;48.6648;2.328081;48.6648, 2.328081
ECOLE MUNICIPALE D'ART DE MORSANG-SUR-ORGE;Château;Place des 3 martyrs;;MORSANG-SUR-ORGE;91390;91;Ecole de musique et de danse municipale ou intercommunale;91;;48.664507;2.353111;48.664507, 2.353111
CONSERVATOIRE DE MILLY-LA-FÔRET - LES 2 VALLÉES;3 rue Pierre Houdin;BP 48;;MILLY-LA-FORET;91490;91;CRC/CRI - Conservatoire à rayonnement communal;91;01 64 98 72 76;48.402334;2.470512;48.402334, 2.470512
CONSERVATOIRE DE FLEURY-MÉROGIS;Centre musicale et artistique;Espace Jean-Wiener - Rue Salvador-Allende;;FLEURY-MEROGIS;91706;91;CRC/CRI - Conservatoire à rayonnement communal;91;01 60 16 84 29;48.639471;2.359507;48.639471, 2.359507
CONSERVATOIRE D'ANTONY - DARIUS MILHAUD;136 - 140 avenue de la Division Leclerc;;;ANTONY;92160;92;CRC/CRI - Conservatoire à rayonnement communal;92;01 46 68 65 91;48.744427;2.303081;48.744427, 2.303081
CONSERVATOIRE DE BAGNEUX;4 rue Etienne Dolet;;;BAGNEUX;92220;92;CRC/CRI - Conservatoire à rayonnement communal;92;01 40 92 00 11;48.795634;2.304666;48.795634, 2.304666
CONSERVATOIRE DE CHÂTENAY-MALABRY;Pôle culturel;254 avenue de la Division-Leclerc;;CHATENAY-MALABRY;92290;92;CRC/CRI - Conservatoire à rayonnement communal;92;01.41.87.20.70;48.764602;2.267375;48.764602, 2.267375
CONSERVATOIRE DU PLESSIS-ROBINSON - MAISON DE LA MUSIQUE ET DE LA DANSE;70 rue du Moulin Fidel;;;LE PLESSIS-ROBINSON;92350;92;CRC/CRI - Conservatoire à rayonnement communal;92;01 41 87 81 15;48.775101;2.261851;48.775101, 2.261851
CENTRE CULTUREL DE RUEIL-MALMAISON - EDMOND ROSTAND;20 boulevard Edmond Rostand;;;RUEIL-MALMAISON;92500;92;Ecole de musique et de danse municipale ou intercommunale;92;;48.874384;2.19011;48.874384, 2.19011
CONSERVATOIRE DE PUTEAUX - JEAN-BAPTISTE LULLY;5 bis rue Francis de Pressensé;;;PUTEAUX;92800;92;CRC/CRI - Conservatoire à rayonnement communal;92;;48.876133;2.236179;48.876133, 2.236179
CONSERVATOIRE DE BOBIGNY - JEAN WIENER;2 place de la Libération;;;BOBIGNY;93000;93;CRD - Conservatoire à rayonnement départemental;93;01 48 31 16 62;48.906632;2.438756;48.906632, 2.438756
CONSERVATOIRE DE ROSNY-SOUS-BOIS - FRANCIS POULENC;2 place Carnot;;;ROSNY-SOUS-BOIS;93110;93;CRC/CRI - Conservatoire à rayonnement communal;93;01 45 28 00 85;48.873174;2.482245;48.873174, 2.482245
CONSERVATOIRE DE LIVRY-GARGAN;41 rue Edouard Herriot;;;LIVRY-GARGAN;93190;93;CRC/CRI - Conservatoire à rayonnement communal;93;01 45 09 02 02;48.92032;2.533841;48.92032, 2.533841
CONSERVATOIRE DES LILAS - GABRIEL FAURÉ;35 place Charles De Gaulle;;;LES LILAS;93260;93;CRC/CRI - Conservatoire à rayonnement communal;93;01 83 74 58 05;48.882672;2.418932;48.882672, 2.418932
ECOLE DE MUSIQUE DE MONTFERMEIL;47 rue Henri Barbusse;;;MONTFERMEIL;93370;93;Ecole de musique et de danse municipale ou intercommunale;93;;48.900444;2.567676;48.900444, 2.567676
CONSERVATOIRE DE PIERREFITTE-SUR-SEINE;65 rue Etienne Dolet;;;PIERREFITTE-SUR-SEINE;93380;93;CRC/CRI - Conservatoire à rayonnement communal;93;01 72 09 35 55;48.963122;2.365224;48.963122, 2.365224
CENTRE D'INITIATION CULTURELLE ET ARTISTIQUE DE VILLETANEUSE;4 avenue Victor Hugo;;;VILLETANEUSE;93430;93;Ecole de musique et de danse municipale ou intercommunale;93;01 49 40 76 04;48.964548;2.34394;48.964548, 2.34394
CONSERVATOIRE DE PANTIN;2 rue Sadi Carnot;;;PANTIN;93500;93;CRD - Conservatoire à rayonnement départemental;93;01 83 74 57 40;48.897228;2.402125;48.897228, 2.402125
CONSERVATOIRE DE BRY-SUR-MARNE - HECTOR BERLIOZ;Hôtel Malestroit;2 grande rue Charles de Gaulle;;BRY-SUR-MARNE;94360;94;CRC/CRI - Conservatoire à rayonnement communal;94;01 45 16 68 09;48.834999;2.520124;48.834999, 2.520124
ECOLE MUNICIPALE DE MUSIQUE DE NOISEAU;Hôtel de Ville - Service Caisse des Écoles;Rue Alexandre Milard;;NOISEAU;94370;94;Ecole de musique et de danse municipale ou intercommunale;94;;48.778149;2.54494;48.778149, 2.54494
CONSERVATOIRE DE SAINT-MAURICE - OLIVIER MESSIAEN;30 bis rue du Maréchal Leclerc;;;SAINT-MAURICE;94410;94;CRC/CRI - Conservatoire à rayonnement communal;94;01 45 18 81 59;48.817847;2.424996;48.817847, 2.424996
ECOLE DE MUSIQUE ET DE DANSE DE SANTENY;Hôtel de Ville;Place du Général De Gaulle;;SANTENY;94440;94;Ecole de musique et de danse municipale ou intercommunale;94;;48.725913;2.569774;48.725913, 2.569774
CONSERVATOIRE DE PERSAN;Centre culturel Fernand Chatelain;1 rue Pasteur;;PERSAN;95340;95;CRC/CRI - Conservatoire à rayonnement communal;95;01.39.37.46.86;49.153858;2.276293;49.153858, 2.276293
ECOLE DE MUSIQUE DE MONTMAGNY;10 rue du 11 novembre 1918;;;MONTMAGNY;95360;95;Ecole de musique et de danse municipale ou intercommunale;95;;48.974739;2.345613;48.974739, 2.345613
ECOLE MUNICIPALE DE MUSIQUE DE VAURÉAL;55 / 59 avenue Simone Signoret;;;VAUREAL;95490;95;Ecole de musique et de danse municipale ou intercommunale;95;;49.02638;2.017115;49.02638, 2.017115
CONSERVATOIRE D'EAUBONNE;Maison des Arts;11 rue Cristino Garcia;;EAUBONNE;95600;95;CRC/CRI - Conservatoire à rayonnement communal;95;01.39.59.45.53;48.993372;2.277252;48.993372, 2.277252
ECOLE DE MUSIQUE ET DE DANSE DE BEZONS;26 rue Maurice Berteaux;;;BEZONS;95870;95;Ecole de musique et de danse municipale ou intercommunale;95;;48.924637;2.215055;48.924637, 2.215055
CONSERVATOIRE DE PARIS 01 - W.A. MOZART;58 rue Jean-Jacques Rousseau;;;PARIS;75001;75;CRC/CRI - Conservatoire à rayonnement communal;75;;48.863959;2.343508;48.863959, 2.343508
CONSERVATOIRE DE PARIS 05 - GABRIEL FAURÉ;12 rue de Pontoise;;;PARIS;75005;75;CRC/CRI - Conservatoire à rayonnement communal;75;;48.849966;2.351946;48.849966, 2.351946
CONSERVATOIRE DE PARIS  08 - CAMILLE SAINT-SAËNS;208 rue du Faubourg Saint-Honoré;;;PARIS;75008;75;CRC/CRI - Conservatoire à rayonnement communal;75;;48.875478;2.304358;48.875478, 2.304358
CONSERVATOIRE DE PARIS 10 - HECTOR BERLIOZ;6 rue Pierre Bullet;;;PARIS;75010;75;CRC/CRI - Conservatoire à rayonnement communal;75;01 42 38 33 77;48.871702;2.358263;48.871702, 2.358263
CONSERVATOIRE DE PARIS 11 - CHARLES MUNCH;7 rue Duranti;;;PARIS;75011;75;CRC/CRI - Conservatoire à rayonnement communal;75;01.47.00.86.07;48.86105;2.384269;48.86105, 2.384269
CONSERVATOIRE DE PARIS 16 - FRANCIS POULENC;11 rue Jean de La Fontaine;;;PARIS;75016;75;CRC/CRI - Conservatoire à rayonnement communal;75;01 55 74 70 40;48.852188;2.274692;48.852188, 2.274692
CONSERVATOIRE NATIONAL SUPÉRIEUR DE MUSIQUE ET DE DANSE DE PARIS;209 avenue Jean Jaurès;;;PARIS;75019;75;CRR - Conservatoire à rayonnement régional;75;;48.888703;2.392611;48.888703, 2.392611
CONSERVATOIRE DE PARIS 19 - JACQUES IBERT;81 rue Armand Carrel;;;PARIS;75019;75;CRC/CRI - Conservatoire à rayonnement communal;75;01 42 06 42 70;48.882947;2.371786;48.882947, 2.371786
CONSERVATOIRE DE MELUN - LES DEUX MUSES;26 avenue Georges Pompidou;;;MELUN;77000;77;CRC/CRI - Conservatoire à rayonnement communal;77;01 64 52 00 53;48.549636;2.650488;48.549636, 2.650488
CONSERVATOIRE DE MARNE ET GONDOIRE - COLLÉGIEN;Centre culturel La Couré;20 rue de Melun;;COLLÉGIEN;77090;77;CRC/CRI - Conservatoire à rayonnement communal;77;01 60 35 44 31;48.838068;2.67014;48.838068, 2.67014
CONSERVATOIRE DE PROVINS - PAULINE VIARDOT;10 rue du Général Delort;;;PROVINS;77160;77;CRC/CRI - Conservatoire à rayonnement communal;77;01 60 52 20 05;48.560452;3.306318;48.560452, 3.306318
CONSERVATOIRE DE SAVIGNY-LE-TEMPLE - GABRIEL FAURÉ;221 avenue de l'Europe;;;SAVIGNY-LE-TEMPLE;77176;77;CRC/CRI - Conservatoire à rayonnement communal;77;01 60 63 41 28;48.595188;2.581538;48.595188, 2.581538
ECOLE DE MUSIQUE DE COURTRY;Espace Robert Jacobsen;31, rue Charles Van Wyngène;;COURTRY;77181;77;CRC/CRI - Conservatoire à rayonnement communal;77;01 64 72 65 51;48.916489;2.603492;48.916489, 2.603492
CONSERVATOIRE DU VAL MAUBUÉE;14 allée Boris Vian;;;NOISIEL;77186;77;CRD - Conservatoire à rayonnement départemental;77;01 60 05 76 35;48.844087;2.614228;48.844087, 2.614228
ECOLE DE MUSIQUE DE DAMMARTIN-EN-GOËLLE;1 rue de l'Hôtel Dieu;;;DAMMARTIN-EN-GOËLE;77230;77;Ecole de musique et de danse municipale ou intercommunale;77;;49.054626;2.6808;49.054626, 2.6808
CONSERVATOIRE DE CLAYE-SOUILLY;Mairie;Allée André Benoist;;CLAYE-SOUILLY;77410;77;CRC/CRI - Conservatoire à rayonnement communal;77;01 60 26 50 84;48.946519;2.687743;48.946519, 2.687743
CONSERVATOIRE DE ROISSY-EN-BRIE;Cours de la Ferme d'Ayau;;;ROISSY-EN-BRIE;77680;77;CRC/CRI - Conservatoire à rayonnement communal;77;01 60 34 78 34;48.793283;2.649489;48.793283, 2.649489
CONSERVATOIRE D'OZOIR-LA-FERRIÈRE - MAURICE RAVEL;Ferme Perreire;3 avenue d'Erasme;;OZOIR-LA-FERRIÈRE;77834;77;CRC/CRI - Conservatoire à rayonnement communal;77;01 60 02 71 94;48.757721;2.696421;48.757721, 2.696421
ECOLE DE MUSIQUE ET DE DANSE DE VELIZY-VILLACOUBLAY;29 rue Paulhan;;;VELIZY-VILLACOUBLAY;78140;78;Ecole de musique et de danse municipale ou intercommunale;78;;48.783109;2.180312;48.783109, 2.180312
ECOLE DE MUSIQUE DU CHESNAY;7 avenue Dutartre;;;LE CHESNAY;78150;78;Ecole de musique et de danse municipale ou intercommunale;78;;48.828794;2.120541;48.828794, 2.120541
CONSERVATOIRE DE MARLY-LE-ROI - ROGER BOURDIN;32 avenue de Saint-Germain;;;MARLY-LE-ROI;78160;78;CRC/CRI - Conservatoire à rayonnement communal;78;01 39 58 89 04;48.875535;2.095268;48.875535, 2.095268
CONSERVATOIRE DE VIROFLAY;17 rue Jean Rey;;;VIROFLAY;78220;78;CRC/CRI - Conservatoire à rayonnement communal;78;01 30 24 38 44;48.79925;2.17096;48.79925, 2.17096
ÉCOLE DE MUSIQUE DE JOUY-EN-JOSAS;Maison du Pont de Pierre;1 rue de Montcel;;JOUY-EN-JOSAS;78350;78;Ecole de musique et de danse municipale ou intercommunale;78;01 39 56 37 49;48.765037;2.170073;48.765037, 2.170073
ECOLE DE MUSIQUE DU BOIS-D'ARCY;Rue Baragué;;;BOIS-D'ARCY;78390;78;Ecole de musique et de danse municipale ou intercommunale;78;;48.79902;2.029706;48.79902, 2.029706
CONSERVATOIRE DE CHATOU ESPACE HAL SINGER;85 bd de la République;BP 44;;CHATOU;78401;78;CRC/CRI - Conservatoire à rayonnement communal;78;01 39 52 30 18;48.897712;2.15324;48.897712, 2.15324
CONSERVATOIRE DE SARTROUVILLE;Groupe scolaire Jules Ferry;Rue du 11 novembre;;SARTROUVILLE;78500;78;CRC/CRI - Conservatoire à rayonnement communal;78;01 39 68 94 31;48.932695;2.160104;48.932695, 2.160104
ECOLE MUNICIPALE DES ARTS (EMA) DE SARTROUVILLE;Rue du 11 novembre;;;SARTROUVILLE;78500;78;Ecole de musique et de danse municipale ou intercommunale;78;01 39 68 94 31;48.932695;2.160104;48.932695, 2.160104
ÉCOLE DE MUSIQUE DE BUC;20 rue Louis Massotte, Château de Buc;;;BUC;78530;78;Ecole de musique et de danse municipale ou intercommunale;78;01 39 56 27 85;48.770126;2.123741;48.770126, 2.123741
ECOLE MUNICIPALE DE MUSIQUE ET DE DANSE IVRY GITLIS;4, Boulevard Noel Marc;;;ANDRESY;78570;78;Ecole de musique et de danse municipale ou intercommunale;78;01 39 27 11 00;48.982134;2.061509;48.982134, 2.061509
ECOLE MUNICIPALE DE MUSIQUE - CLAUDE DEBUSSY;Rue du Commerce  Val des quatre Pignons;;;BEYNES;78650;78;CRC/CRI - Conservatoire à rayonnement communal;78;;48.856476;1.904084;48.856476, 1.904084
CONSERVATOIRE DE CONFLANS-SAINTE-HONORINE;74 rue Désiré Clément;;;CONFLANS-SAINTE-HONORINE;78700;78;CRC/CRI - Conservatoire à rayonnement communal;78;01 34 90 88 26;49.002611;2.111974;49.002611, 2.111974
CONSERVATOIRE DE SAINT-ARNOULT-EN-YVELINES;Place du Jeu de Paume;;;SAINT-ARNOULT-EN-YVELINES;78730;78;CRC/CRI - Conservatoire à rayonnement communal;78;;48.572163;1.942065;48.572163, 1.942065
ECOLE DE MUSIQUE ET ART DRAMATIQUE DE BAILLY/NOISY-LE-ROI;49 grande Rue;;;BAILLY;78870;78;Ecole de musique et de danse municipale ou intercommunale;78;01 34 62 54 94;48.842803;2.079693;48.842803, 2.079693
ECOLE MUNICIPALE DE MUSIQUE DE CARRIERE-SOUS-POISSY;Espace Louis Armand;142 rue Louis Armand;;CARRIERES-SOUS-POISSY;78955;78;Ecole de musique et de danse municipale ou intercommunale;78;;48.951443;2.036827;48.951443, 2.036827
ÉCOLE DE MUSIQUE DE VOISINS-LE-BRETONNEUX;Espace culturel Decauville;5 place de la Division Leclerc;;VOISINS-LE-BRETONNEUX;78960;78;Ecole de musique et de danse municipale ou intercommunale;78;01 30 57 41 82;48.758636;2.05;48.758636, 2.05
ECOLE DE MUSIQUE ET DE DANSE D'ÉLANCOURT;Place du Général de Gaulle;;;ÉLANCOURT;78990;78;Ecole de musique et de danse municipale ou intercommunale;78;;48.76837;1.948469;48.76837, 1.948469
CONSERVATOIRE DE BALLAINVILLIERS;Château de Ballainvilliers;Avenue du Général Leclerc;;BALLAINVILLIERS;91160;91;Ecole de musique et de danse municipale ou intercommunale;91;;48.673869;2.294434;48.673869, 2.294434
ÉCOLE DE MUSIQUE DE SAINT-GERMAIN-LÈS-ARPAJON;Place de l'Église;;;SAINT-GERMAIN-LÈS-ARPAJON;91180;91;Ecole de musique et de danse municipale ou intercommunale;91;01 69 26 14 19;48.594358;2.25491;48.594358, 2.25491
CONSERVATOIRE DE SAINT-MICHEL-SUR-ORGE - FRANCIS POULENC;Centre culturel Baschet;1 rue Saint-Exupéry;;SAINT-MICHEL-SUR-ORGE;91240;91;CRC/CRI - Conservatoire à rayonnement communal;91;;48.636056;2.309141;48.636056, 2.309141
CONSERVATOIRE DE VIGNEUX-SUR-SEINE;63 avenue Henri-Barbusse;;;VIGNEUX-SUR-SEINE;91270;91;CRC/CRI - Conservatoire à rayonnement communal;91;01 69 40 15 52;48.700133;2.419529;48.700133, 2.419529
CONSERVATOIRE DU VAL D'YERRES;La Grange au Bois;10 rue de Concy;;YERRES;91330;91;CRD - Conservatoire à rayonnement départemental;91;01 69 49 60 00;48.712483;2.487884;48.712483, 2.487884
CONSERVATOIRE DE VERRIÈRES-LE-BUISSON - CHARLES KOECHLIN;Centre Culturel André Malraux;13 rue d'Antony;;VERRIERES-LE-BUISSON;91370;91;CRC/CRI - Conservatoire à rayonnement communal;91;01 69 53 10 27;48.748588;2.268998;48.748588, 2.268998
CONSERVATOIRE DE DOURDAN;58 rue de Chartres;;;DOURDAN;91410;91;CRC/CRI - Conservatoire à rayonnement communal;91;01 64 59 56 01;48.530678;2.010814;48.530678, 2.010814
ÉCOLE DE MUSIQUE DE BIÈVRE;Centre culturel Louis Ratel;Allée des Castors;;BIEVRES;91570;91;Ecole de musique et de danse municipale ou intercommunale;91;01 69 85 54 97;48.755772;2.220171;48.755772, 2.220171
CONSERVATOIRE MUNICIPAL DE NOZAY;Mairie Place de la Mairie;;;NOZAY;91620;91;Ecole de musique et de danse municipale ou intercommunale;91;;48.660029;2.242246;48.660029, 2.242246
CONSERVATOIRE MUSIQUE ET DANSE DE MÉRÉVILLE;Madame LAFORÊT;Rue Jules Ferry;;MÉRÉVILLE;91660;91;Ecole de musique et de danse municipale ou intercommunale;91;01 64 95 12 20;48.315019;2.088334;48.315019, 2.088334
CONSERVATOIRE DE NANTERRE;8 rue des Anciennes Mairies;;;NANTERRE;92000;92;CRC/CRI - Conservatoire à rayonnement communal;92;01 41 37 94 40;48.891088;2.197876;48.891088, 2.197876
CONSERVATOIRE DE CLAMART - HENRI DUTILLEUX;Place Jules Hunebelle;;;CLAMART;92140;92;CRD - Conservatoire à rayonnement départemental;92;01 55 95 92 72;48.800033;2.26084;48.800033, 2.26084
CONSERVATOIRE DE SAINT-CLOUD;30 ter boulevard de la République;;;SAINT-CLOUD;92210;92;CRC/CRI - Conservatoire à rayonnement communal;92;01 47 71 08 74;48.844363;2.208441;48.844363, 2.208441
CONSERVATOIRE DE GENNEVILLIERS - EDGAR VARESE;13 rue Louis Calmel;;;GENNEVILLIERS;92230;92;CRD - Conservatoire à rayonnement départemental;92;01 40 85 64 71;48.925469;2.29066;48.925469, 2.29066
ECOLE MUNICIPALE DE DANSE DE GENNEVILLIERS;Maison du développement culturel;16, rue Julien-Mocquard.;;GENNEVILLIERS;92230;92;Ecole de musique et de danse municipale ou intercommunale;92;01 40 85 64 53;48.923798;2.291387;48.923798, 2.291387
CONSERVATOIRE DE MALAKOFF;66-68 boulevard Gabriel Péri;;;MALAKOFF;92240;92;CRC/CRI - Conservatoire à rayonnement communal;92;01 55 48 04 10;48.819149;2.299438;48.819149, 2.299438
CONSERVATOIRE DE ROMAINVILLE;79 avenue du Président Wilson;;;ROMAINVILLE;93230;93;CRD - Conservatoire à rayonnement départemental;93;01 71 86 60 00;48.882849;2.434014;48.882849, 2.434014
ÉCOLE MUNICIPALE DE MUSIQUE ET DE DANSE DE STAINS;Rue Roger Salengro;;;STAINS;93240;93;Ecole de musique et de danse municipale ou intercommunale;93;;48.945787;2.381372;48.945787, 2.381372
CONSERVATOIRE DE VILLEMOMBLE;97 Grande Rue;;;VILLEMOMBLE;93250;93;CRC/CRI - Conservatoire à rayonnement communal;93;01 85 55 05 05;48.882774;2.515964;48.882774, 2.515964
CONSERVATOIRE DE TREMBLAY-EN-FRANCE;L'ODEON;Place du Bicentenaire de la Révolution française;;TREMBLAY-EN-FRANCE;93290;93;CRC/CRI - Conservatoire à rayonnement communal;93;01 49 63 42 93;48.943069;2.570316;48.943069, 2.570316
CONSERVATOIRE DES PAVILLONS-SOUS-BOIS;77 - 79 allée Danielle Casanova;;;LES PAVILLONS-SOUS-BOIS;93320;93;CRC/CRI - Conservatoire à rayonnement communal;93;01 45 55 17 60;48.904993;2.499208;48.904993, 2.499208
CONSERVATOIRE DU RAINCY;3, allée Nicolas Carnot;;;LE RAINCY;93340;93;CRD - Conservatoire à rayonnement départemental;93;;48.892612;2.510644;48.892612, 2.510644
CONSERVATOIRE DE SAINT-OUEN;12 rue Albert Dhalenne;;;SAINT-OUEN;93400;93;CRC/CRI - Conservatoire à rayonnement communal;93;01 49 48 95 20/21 (dir);48.916536;2.330208;48.916536, 2.330208
ECOLE MUNICIPALE DE MUSIQUE DE COUBRON;Rue Raoul Larches;;;COUBRON;93470;93;Ecole de musique et de danse municipale ou intercommunale;93;;48.914292;2.579189;48.914292, 2.579189
CONSERVATOIRE DE DRANCY;93, rue de la République;;;DRANCY;93700;93;CRC/CRI - Conservatoire à rayonnement communal;93;01 48 96 39 23;48.924352;2.437343;48.924352, 2.437343
MAISON DU THÉÂTRE ET DE LA DANSE D'EPINAY-SUR-SEINE;75-81 avenue de la Marne;;;EPINAY-SUR-SEINE;93800;93;Ecole de musique et de danse municipale ou intercommunale;93;;48.954484;2.326918;48.954484, 2.326918
CONSERVATOIRE DE NOGENT-SUR-MARNE - FRANÇIS POULENC;Hôtel des Coignard;150  grande rue Charles De Gaulle;;NOGENT-SUR-MARNE;94130;94;CRC/CRI - Conservatoire à rayonnement communal;94;01 48 71 64 20;48.837966;2.488687;48.837966, 2.488687
CONSERVATOIRE DU VAL DE BIÈVRE - GENTILLY;2 rue Jules Ferry;;;GENTILLY;94250;94;CRC/CRI - Conservatoire à rayonnement communal;94;01 55 01 04 87;48.812545;2.350668;48.812545, 2.350668
CONSERVATOIRE DE THIAIS - ACADÉMIE DES ARTS;5 Place du Général Leclerc;;;THIAIS;94320;94;CRC/CRI - Conservatoire à rayonnement communal;94;01 46 81 72 00;48.765474;2.393584;48.765474, 2.393584
CONSERVATOIRE DE VITRY-SUR-SEINE;71 rue Camille Groult;;;VITRY-SUR-SEINE;94400;94;CRC/CRI - Conservatoire à rayonnement communal;94;01 55 53 14 90;48.787475;2.397546;48.787475, 2.397546
ECOLE MUNICIPALE DE MUSIQUE DE VILLECRESNES;49 rue du Lieutenant Dagorno;;;VILLECRESNES;94440;94;Ecole de musique et de danse municipale ou intercommunale;94;;48.722673;2.533324;48.722673, 2.533324
CONSERVATOIRE DE MAROLLES-EN-BRIE;PLACE CHARLES DE GAULLE;;;MAROLLES-EN-BRIE;94440;94;CRC/CRI - Conservatoire à rayonnement communal;94;;48.725805;2.570171;48.725805, 2.570171
CONSERVATOIRE DE CHAMPIGNY-SUR-MARNE - OLIVIER MESSAIEN;4 rue Proudhon;;;CHAMPIGNY-SUR-MARNE;94500;94;CRC/CRI - Conservatoire à rayonnement communal;94;01 45 16 91 07;48.823386;2.512843;48.823386, 2.512843
ECOLE MUNICIPALE DE MUSIQUE DE LA QUEUE-EN-BRIE;Mairie;Place du 18 juin 40;;LA-QUEUE-EN-BRIE;94510;94;Ecole de musique et de danse municipale ou intercommunale;94;01 45 93 39 85;48.784673;2.58011;48.784673, 2.58011
CONSERVATOIRE DE CHEVILLY-LARUE;102 avenue du Général De Gaulle;;;CHEVILLY-LARUE;94550;94;CRC/CRI - Conservatoire à rayonnement communal;94;01 56 70 42 45;48.770432;2.350955;48.770432, 2.350955
CONSERVATOIRE DE CERGY-PONTOISE;Parvis de la Préfecture;BP 80 309;;CERGY-PONTOISE CEDEX;95027;95;CRR - Conservatoire à rayonnement régional;95;01 34 41 42 53;49.036288;2.07849;49.036288, 2.07849
CONSERVATOIRE D'ARGENTEUIL;50 boulevard Héloïse;;;ARGENTEUIL;95100;95;CRD - Conservatoire à rayonnement départemental;95;01.39.61.70.01;48.941863;2.252314;48.941863, 2.252314
CONSERVATOIRE DE MONTMORENCY;Orangerie;23 rue du Temple;;MONTMORENCY;95160;95;CRC/CRI - Conservatoire à rayonnement communal;95;01 34 28 20 50;48.983833;2.316994;48.983833, 2.316994
CONSERVATOIRE DE GOUSSAINVILLE;82 Boulevard Paul Vaillant Couturier;Parvis Espace Sarah Bernhardt;;GOUSSAINVILLE;95191;95;CRC/CRI - Conservatoire à rayonnement communal;95;;49.032251;2.472189;49.032251, 2.472189
ECOLE MUNICIPALE DE MUSIQUE DE BEAUCHAMP;Château de la Chesnaie;4 rue Jules Michelet;;BEAUCHAMP;95250;95;Ecole de musique et de danse municipale ou intercommunale;95;;49.006642;2.202272;49.006642, 2.202272
ECOLE MUNICIPALE DE MUSIQUE DE MONTIGNY-LES-CORMEILLES;Rue Vincent Van Gogh;;;MONTIGNY-LÈS-CORMEILLES;95370;95;Ecole de musique et de danse municipale ou intercommunale;95;;48.997091;2.198999;48.997091, 2.198999
CONSERVATOIRE D'ARNOUVILLE;15 rue Robert Schuman;;;ARNOUVILLE;95400;95;CRC/CRI - Conservatoire à rayonnement communal;95;01.34.45.97.12;48.989256;2.420708;48.989256, 2.420708
CONSERVATOIRE DE ROISSY-EN-FRANCE;"Centre Culturel  L'Orangerie""";Allée des Vergers;;ROISSY-EN-FRANCE;95700;95;CRC/CRI - Conservatoire à rayonnement communal;95;01 34 29 48 59;49.001003;2.51839;49.001003, 2.51839
